﻿unique_elements,Based
Baby S,W
Hi‐Tek,MW
The Sheiks,No results
KXNG Crooked,W
M.O.P.,NE
Nas,NE
Slum Village,MW
Felix da Housecat,MW
Terrace Martin,W
PJ,S
DJ Khaled,S
Adam F,UK
Ghostface Killah,NE
Teyana Taylor,NE
Knoc‐Turn’Al,W
Kid Capri,NE
Large Professor,NE
The Boys Choir of Harlem,NE
Nashawn,NE
The Critters,W
Raw Buck,NE
Danny Boy,W
Boo & Gotti,MW
Anthony Hamilton,S
Trey,No results
Suga Free,W
Markie,NE
Masta Killa,NE
A.P.,No results
Ludacris,S
The Down Ass Niggas,No results
T‐Pain,S
Bootsy Collins,No results
Minnesota,NE
Tony Williams,W
Hurricane G,NE
Twista,MW
The High & Mighty,NE
Wigs,No results
Prefuse 73,S
Gravediggaz,NE
DJ Unexpected,No results
Adub,W
Eddie Griffin,MW
Ying Yang Twins,S
Stressmatic,W
Mariah Carey,NE
Blackstreet,NE
MC Eiht,W
MC Ren,W
Redman,NE
Juicy J,S
L.B.C. Crew,W
Bigg Baby,No results
Ready Roc,No results
Travis Scott,S
Daz Dillinger,W
Killah Priest,NE
Belly,CAN
T.I.,S
RZA,NE
Soul Supreme,SWE
Method Man,NE
Pharrell Williams,NE
Mac Minister,W
Raphael Saadiq,W
Tha Alkaholiks,W
Alyssa Reid,CAN
Emanny,No results
October London,MW
White Boy,S
UGK,S
3tre tha Hardway,No results
The Hustle Boyz,W
Casual,W
Nicki Minaj,NE
The Rapsody,S
Dog Eat Dog,NE
Amil,NE
Utah Jazz,W
Magic,S
Lil Durk,MW
Meech Wells,W
SWV,NE
Kokane,NE
D12,MW
Linkin Park,W
DJ Honda,JPN
Limp Bizkit,S
Parle,No results
Dilated Peoples,W
Rick Rock,S
Elton John,UK
L1z,No results
Y.A.,No results
San Quinn,W
Conor Maynard,UK
Omar,No results
Max Tannone,NE
PARTYNEXTDOOR,CAN
Yo Gotti,S
Boosie Badazz,S
D.B.A.,W
Bully,No results
Robin Thicke,W
Black Hef,No results
Grandmaster Flash,NE
Kid Cudi,MW
Soulja Boy,MW
Q‐Tip,NE
JT the Bigga Figga,W
Killer Mike,S
St. Raw,No results
Big Tray Deee,W
Whiteboy Ryan,No results
Big Syke,W
Def Jef,W
Biz Markie,NE
Frank Ocean,W
Marvin Gaye,W
Drake,CAN
Jamal,NE
Loon,NE
Reel Tight,S
Strong Arm Steady,W
Tha Dogg Pound,W
Funky Aztecs,W
E3,W
Yaki Kadafi,NE
Eminem,MW
Killa Tay,W
Angie Martinez,NE
Problem,W
Treach,NE
Bobby Jimmy,W
Black Rob,S
Menenski,W
Sanyika Shakur,W
Busta Rhymes,NE
Ron-De-Vu,W
Tri Star,No results
Sy Scott,NE
Mr Hudson,UK
J‐Black,W
Halla,No results
Genaside II,UK
Larry June,W
Timbaland,S
Santigold,NE
Chuck D,NE
Gail Gotti,NE
Chevy Jones,No results
Slip Capone,W
Tekitha,NE
John Frusciante,W
Rakim,NE
Swizz Beatz,NE
Spice 1,W
Rhymefest,MW
Whitney Houston,NE
RJMrLA,W
Everlast,W
Carl Thomas,MW
Offset,S
Jeremih,MW
Black Nicc,W
Thug Dirt,S
Big Time Rush,No results
Del the Funky Homosapien,W
Brooklyn,No results
Barrington Levy,JAM
Jim Jones,NE
J. Wells,W
Stat Quo,S
Mase,NE
Brand Nubian,NE
Styles P,NE
Rell,NE
Lil Duval,S
Cassidy,NE
Val Young,W
Dave Grohl,W
Memphis Bleek,S
GZA/Genius,NE
Jazze Pha,S
Eazy‐E,W
MKW,No results
Foxy Brown,NE
Big Sean,MW
Hussein Fatal,NE
Kyle Rifkin,No results
Fred Durst,S
Cappadonna,NE
50 Cent,NE
Тимати,RUS
Lil Jon & The East Side Boyz,S
Riddler,No results
Fonzworth Bentley,S
Bad Lucc,W
The Neptunes,S
Vado,NE
Nujabes,JPN
Chris Brown,S
A$AP Rocky,NE
DJ Battlecat,W
112,S
The Last Emperor,NE
A‐Butta,NE
DZ,No results
J‐Ro,W
Big Azz Ko,No results
Mathematics,NE
Shon Lawon,No results
Bilal,NE
Master P,S
Ne‐Yo,W
Tony Yayo,NE
Hevehitta,No results
Erick Sermon,NE
G. Dep,NE
Phats Bossi,W
Ice Water Inc.,NE
Mobb Deep,NE
Diverse,MW
Another Level,UK
Trapp,S
Triple Platinum,No results
Benny the Butcher,NE
Meek Mill,NE
BADBADNOTGOOD,CAN
K‐Ci & JoJo,S
Natina Reed,S
Hardwell,NED
Jermaine Dupri,S
Young Wee,No results
Prohoezak,W
Murphy Lee,MW
Samora Pinderhughes,No results
Kastro,NE
Mario Winans,S
Y-Not,No results
Syleena Johnson,MW
World Class Wreckin’ Cru,W
B‐Real,W
Mos Def,NE
Porsche Nine,No results
Caroline Shaw,CAN
Heltah Skeltah,NE
Puff Daddy & the Family,NE
Street Life,NE
Capone,NE
Musaliny-N-Maze,NE
Tray Dee,W
Ktree,No results
GLC,MW
Tajai,W
Common,MW
Junior M.A.F.I.A.,NE
Rappin’ 4‐Tay,W
The Bad Boy Family,No results
RBX,W
Vinia Mojica,NE
Gov Mattic,No results
Prodigy,NE
Lauryn Hill,NE
Lil Wayne,S
Renegade Soundwave,UK
2 Chainz,S
Killa Sin,NE
Craig Mack,NE
DJ Tomekk,GER
Nature,NE
Jagged Edge,S
El Drex,No results
Hit‐Boy,W
Usher,S
Angela Winbush,W
Musiq Soulchild,NE
Planet Asia,W
Tony T. Roberts,MW
Nirvana,W
Dhani Harrison,UK
O-Type Star,No results
Lynn Carter,No results
2Pac,W
M-80,MW
Infa‐Red,No results
MF DOOM,NE
The Zion Messengers,No results
Nefertitti Avani,No results
B.G.,S
Abel the Kid,SPA
Dru Down,W
Joe Fatal,NE
Ice Cube,W
LL Cool J,NE
Eastwood,W
AK,No results
Faith Evans,NE
Young Sagg,W
Kelly Price,NE
El Michels Affair,NE
George Clinton,NE
Young Buck,S
Outlawz,NE
Spider Loc,W
Zack de la Rocha,W
Black Thought,NE
Jay Townsend,No results
Slow,No results
Olu Dara,S
Warren G,W
Bizzy Bone,MW
Jeezy,S
Doug E. Fresh,BAR
Snoop Dogg,W
Akinyele,NE
Crustified Dibbs,NE
Chingy,MW
Red Café,NE
Prince Ital Joe,W
Shade Sheist,W
Cozmo,W
Armand van Helden,NE
Tatwaffe,GER
Trae,S
The Notorious B.I.G.,NE
French Montana,NE
Don “Magic” Juan,W
K‐Dee,W
Cue,No results
Othorized F.A.M.,NE
Inspectah Deck,NE
DJ Lethal,NE
Rob Zombie,NE
Soopafly,W
Juice,W
Erykah Badu,S
Lil’ Flip,S
Infa-Red & Cross,No results
The‐Dream,S
Ronald Isley,NE
Saukrates,CAN
Sadat X,NE
Chrisette Michele,NE
N-Trigue,GER
Mark Curry,NE
Carolina Márquez,ITA
Docka,No results
Tha Eastsidaz,W
Tekneek,W
Sissel,NOR
Termanology,NE
Dirty Money,NE
Matoma,NOR
Mack 10,W
Young Chris,NE
Eric Williams,NE
Silkk the Shocker,W
Sonny Digital,S
Mike Jones,S
Chuck Taylor,No results
Missy Elliott,NE
Glock,No results
Michel’le,W
Snype Lyfe,NE
Really Doe,MW
Madlib,W
Bobby V.,S
Sizzla,JAM
Ja Rule,NE
E.D.I. Mean,NE
Katy Perry,W
DJ King Assassin,W
Shon-Don,No results
Kirk Franklin,S
Keyshia Cole,W
Wiz Khalifa,NE
Ol’ Dirty Bastard,NE
Big Pimpin’ DeLemond,No results
Robyn,SWE
Lucc Lucciano,S
Krondon,W
Cl’Che,S
Kurupt,W
Mr. Porter,MW
DJ Antoine,CHE
Sheek Louch,NE
Saigon,NE
MED,W
John Legend,NE
The LOX,NE
Lil’ C‐Style,W
Fred Hammond,MW
Rah Digga,NE
Kool G Rap,NE
S.I.,NE
Tash,W
J Gist,No results
Pooh Bear,S
Lonzo,No results
Nino Man,NE
Charlie Wilson,W
Phil da Agony,W
Val C,NE
Mopreme Shakur,NE
D’Angelo,S
Migos,S
Lil 1/2 Dead,W
Z‐Ro,S
King T,W
RaVaughn,NE
Nutt‐So,W
Jayo Felony,NE
Justin Bieber,CAN
Teena Marie,W
Jamie Foxx,NE
R. Kelly,MW
Talib Kweli,NE
Babyface,MW
Doggy’s Angels,W
Gwen Dickey,S
Bad Azz,W
DMC,NE
The Last Poets,NE
Black Star,NE
Ray J,W
Rihanna,BAR
Bun B,S
Future,S
Rahzel,NE
Ant Clemons,NE
Jill Scott,NE
Do Boy,No results
J‐Hood,NE
Uncle Reo,W
Too $hort,W
Royce da 5′9″,MW
Malik Yusef,MW
Big Gipp,S
Rockwilder,NE
TERIYAKI BOYZ,JPN
Orru Jackson,No results
DJ Quik,W
Bee Gees,UK
Adina Howard,W
Lupe Fiasco,MW
Cheri Dennis,NE
Wu‐Tang Clan,NE
Little Brother,S
John Mayer,NE
DJ Whoo Kid,NE
Big Pun,NE
WC,W
Da Bush Babees,NE
David Begun,No results
benny blanco,NE
King Los,NE
A‐Roma,No results
Icadon,NE
Wu-Tang Killa Bees,NE
AV,No results
The Game,W
Tyler Woods,S
Storm,W
DJ Drama,NE
Das EFX,NE
Akon,NE
Gizzle,W
Sean T,W
Young Tone,No results
Toddy Tee,W
LaToiya Williams,No results
Mia X,S
Main Source,NE
Devo,MW
Tonez,NE
Bronze Nazareth,MW
Sunday Service Choir,MW
Alpha Dream,No results
Guy Gerber,ISL
DMX,NE
Perfect,No results
Pharoahe Monch,NE
Lil Jon,S
Kid Sister,MW
Jungle,No results
Kidd Kidd,S
Jodeci,S
U‐God,NE
The Creators,UK
Mz. Maya,W
Jane Handcock,W
Lee Majors,S
Goldie Loc,W
Sauce Money,NE
Tre Williams,NE
Icarus,NE
Mystikal,S
Roscoe,W
Blu,W
Aygün Kazımova,AZE
Jewell,W
Kendrick Lamar,W
Kain,NE
Runt Dawg,NE
Roger Troutman,MW
Richie Rich,W
Do'Boy,No results
Hu$tle Boyz,W
Napoleon,W
The Go Getters,SWE
De La Soul,NE
Telly Mac,W
Typhoon,No results
Frank Lee White,S
Ryan Leslie,NE
Mams Taylor,UK
TWiiNS,SLO
Uncle Chucc,W
Scritti Politti,UK
CeeLo Green,S
Kardinal Offishall,CAN
G-Style,GER
Trife Diesel,NE
K Camp,S
Macy Gray,MW
Mike Zoot,NE
Morris Day,MW
Jimahl,No results
Derez De’Shon,S
Devin the Dude,S
Hittman,W
Papoose,NE
Chocolate Chip,No results
Scarface,S
N.W.A,W
C‐Bo,W
Keri Hilson,S
KAYTRANADA,CAN
Bon Iver,MW
Arabian Prince,W
C‐Murder,S
Roy Hargrove,S
Dwele,MW
Shun Ward,S
Cam’ron,NE
Massive Attack,UK
Mac Shawn,W
Jaz‐O,NE
Beyoncé,S
Charlotte Devaney,UK
Dom Kennedy,W
Mama Wallace,No results
Wale,S
Dave Hollister,MW
Nelly,MW
Lil’ Kim,NE
Jay Electronica,S
Fuzzbubble,NE
Jean Grae,NE
Butch Cassidy,W
Mr. Cheeks,NE
Young Thug,S
Beanie Sigel,NE
Jimmy Page,UK
The Lady of Rage,W
Young Noble,W
The Beatnuts,NE
Crystal,No results
Sftp,No results
Melanie Rutherford,MW
Damon Dash,NE
Ms. Roq,No results
Roxxio,No results
Stretch,NE
Ty Dolla $ign,W
"Julio Iglesias, Jr.",SPA
CPO‐Boss Hog,W
BJ the Chicago Kid,MW
Bigg B,W
Son One,No results
AZ,NE
DJ Green Lantern,NE
Pusha T,S
Mims,NE
Skillz,S
Mikkey Halsted,S
Bishop Lamont,W
Yukmouth,W
Khujo Goodie,S
Alicia Keys,NE
Candy 187,W
Estelle,UK
Adam Levine,W
The Madd Rapper,NE
Fiend,S
Tha Gamblaz,W
E‐White,W
Bahamadia,NE
DNA,NE
Justin Timberlake,S
Cyhi the Prynce,S
Consequence,NE
Troy Ave,NE
Onyx,NE
Drag‐On,NE
Force One Network,W
Olivia,NE
Soledad,No results
Destiny’s Child,S
Kenny G,W
Raekwon,NE
Adassa,S
Freeway,NE
Damian Marley,JAM
Quavo,S
KRS‐One,NE
Froggy Mix,FRA
Candy Hill,W
The Roots,NE
JAY‐Z,NE
Eve,NE
Clipse,S
Mista Grimm,W
J Dilla,MW
Uncle Murda,NE
Reflection Eternal,MW
Diddy,NE
Nate Dogg,W
N.O.R.E.,NE
Xzibit,MW
Nipsey Hussle,W
E‐40,W
Young Gunz,NE
Dave East,NE
DJ Kool,S
The Alchemist,W
E-LITE,NE
Trina,S
Six-2,W
Lloyd Banks,S
Dr. Dre,W
Remy Ma,NE
Rick Ross,S
Keith Murray,NE
Mary J. Blige,NE
Jadakiss,NE
Tricky,UK
Quan,NE
Johnny P.,MW
Twinz,W
Shelly,No results
Res,NE
Total,NE
Keak da Sneak,W
Chico DeBarge,W
P.F.N.,No results
Fat Joe,NE
Kanye West,MW
Chayse,No results
Method Man & Redman,NE
Fabolous,NE
Radiohead,UK
G‐Unit,NE
Tangled Thoughts,NE/W
Shyne,NE
El DeBarge,MW
Syd,W
DJ Premier,S
Tha Infamous Lil' Larry,No results
